WHO Region,Confirmed,Deaths,Recovered
Africa,21791827,439978,1.119373
Americas,402261194,19359292,15.7069444
Eastern Mediterranean,74082892,1924029,4.8050703
Europe,248879793,19271040,12.3202075
South-East Asia,55118365,1458134,3.0030327
Western Pacific,26374411,932430,1.886195
