WHO Region,Confirmed,Deaths,Recovered
Africa,21791827,439978,11.19373
Americas,402261194,19359292,157.069444
Eastern Mediterranean,74082892,1924029,48.050703
Europe,248879793,19271040,123.202075
South-East Asia,55118365,1458134,30.030327
Western Pacific,26374411,932430,18.86195
